nr,app_n,category,fit,other_cat
1,com.samsung.android.dialer,calling,yes,
2,Phone,calling,yes,
3,com.samsung.android.contacts,calling,yes,
4,com.samsung.android.app.contacts,calling,yes,
5,com.sonymobile.android.dialer,calling,yes,
6,com.oneplus.dialer,calling,yes,
7,com.huawei.contacts,calling,yes,
8,com.sonymobile.android.contacts,calling,yes,
9,com.oneplus.contacts,calling,yes,
10,com.tct.dialer,calling,yes,
11,com.lge.icecontacts,calling,yes,
12,com.huawei.contactscamcard,calling,yes,
13,WhatsApp,messaging,yes,
14,Telegram,messaging,yes,
15,Facebook Messenger,messaging,yes,
16,Snapchat,messaging,.,Social Media/Fotos
17,Discord - Chat for Games,messaging,yes,
18,Messenger,messaging,yes,
19,WhatsApp Business,messaging,yes,
20,Jodel - Anonymous Campus Talk,messaging,no,Social Media
21,"Kik Messenger	",messaging,yes,
22,Generic Messenger,messaging,yes,
23,Skype,messaging,no,Calling
24,"Knuddels Chat	",messaging,no,Social Media
25,Hangouts,messaging,yes,
26,"Messenger Lite	",messaging,yes,
27,"Signal - Private Messenger	",messaging,yes,
28,WeChat,messaging,yes,
29,"spin.de German Chat-Community	",messaging,no,Social Media
30,"Telegram Messenger	",messaging,yes,
31,"com.WhatsApp2Plus	",messaging,yes,
32,Jodel,messaging,no,Social Media
33,RandoChat - Anonymous chat,messaging,yes,
34,Online Monitor for WhatsApp Status Notify,messaging,yes,
35,Tablet Messenger,messaging,yes,
36,Hangouts Chat,messaging,yes,
37,Familog - WhatsApp Online Last Seen Tracker,messaging,.,
38,Untis Messenger,messaging,yes,
39,Legacy of Discord-FuriousWings,messaging,no,
40,Wickr-Top Secret Messenger,messaging,yes,
41,Ombro Amigo: Conselhos e Desabafo Anônimo - Chat,messaging,yes,
42,Telegram+,messaging,yes,
43,Steuerbot – Kostenlos im Chat zur Steuererklärung,messaging,no,
44,WaStat - WhatsApp tracker,messaging,.,
45,GIF for Messenger,messaging,yes,
46,Personal stickers for WhatsApp,messaging,yes,
47,Nonolive - Game Live Streaming & Video Chat,messaging,no,
48,Transcriber for WhatsApp,messaging,yes,
49,Rocket.Chat+,messaging,yes,
50,ownChat,messaging,yes,
51,GIPHY for Messenger,messaging,yes,
52,DuKennstMich Chat,messaging,yes,
53,Logify - WhatsApp Tracker,messaging,.,
54,Chatium,messaging,no,
55,KakaoTalk Messenger,messaging,yes,
56,Amino: Communities and Chats,messaging,no,Social Media
57,Pulse (SMS/Tablet Messenger),messaging,yes,
58,KidsFox - der Kita-Messenger,messaging,.,Messaging/Social Media
59,Hangouts Meet,messaging,yes,
60,"WhatsApp smileys, chat smileys",messaging,yes,
61,Kiss Kiss: Spin the Bottle for Chatting & Fun,messaging,no,
62,"Soul-Chat, Meet, Talk Friends",messaging,yes,
63,All Status Saver for WhatsApp - Status Downloader,messaging,yes,
64,WowApp Messenger,messaging,yes,
65,Animated Sticker Maker for WhatsApp WAStickerApps,messaging,yes,
66,Random Video Chat - AZAR,messaging,yes,
67,Last Seen - WhatsApp Family Usage Tracker,messaging,.,
68,Funny Cartoon Stickers for WhatsApp,messaging,yes,
69,Status Saver for WhatsApp - Image Video Downloader,messaging,yes,
70,Opus Player for WhatsApp,messaging,yes,
71,FogChat - Meet people. Without prejudices.,messaging,yes,
72,Wemoji - WhatsApp Sticker Maker,messaging,yes,
73,Big Emojis Stickers For WhatsApp - WAStickerApps,messaging,yes,
74,New Stickers For WhatsApp - WAStickerapps Free,messaging,yes,
75,Status Saver for WhatsApp - Save & Download Status,messaging,yes,
76,Chat Master!,messaging,no,
77,Dank Memes Stickers For WhatsApp,messaging,yes,
78,Synology Chat,messaging,yes,
79,Heyy-Messenger&Social App Launch,messaging,yes,
80,Omlet Arcade (Pokemon Go Chat),messaging,no,
81,proWIN Messenger,messaging,no,Social Media
82,JibJab for Messenger,messaging,no,Social Media
83,Loki Messenger,messaging,yes,
84,MoChat(Clone App)--Clone Multi Parallel Accounts,messaging,no,Social Media
85,Sticker Maker for WhatsApp,messaging,yes,
86,GIF For WhatsApp,messaging,yes,
87,Mobile Client for WhatsApp Web (no ads) (Unreleased),messaging,yes,
88,Swipr - New friends on Snapchat,messaging,yes,
89,WAStickerApps Funny Memes Stickers for WhatsApp,messaging,yes,
90,Salesforce Chatter,messaging,no,Social Media
91,Steam Chat,messaging,yes,
92,Emotions Storm - Live Chat,messaging,yes,
93,DODO - Live Video Chat,messaging,yes,
94,Twiq - Anonymous Chat,messaging,yes,
95,Skype Lite,messaging,no,Calling/ vgl. Skype
96,Bermuda - Video Chat,messaging,yes,
97,Chat Translator for WhatsApp,messaging,yes,
98,Discord Bots,messaging,no,Social Media
99,Work Chat,messaging,yes,
100,"PLINK — LFG, Gamers ?ommunity & Voice Chat",messaging,no,Social Media
101,Sticker.ly for WhatsApp,messaging,yes,
102,Stickify: 5000+ Stickers for WhatsApp,messaging,yes,
103,18+ Animated Stickers For WhatsApp,messaging,yes,
104,Alexandra - Scary Stories Chat,messaging,no,
105,New WAStickerApps for WhatsApp for Free Stickers,messaging,yes,
106,"Own Sticker Maker for WhatsApp, WhatsApp Stickers",messaging,yes,
107,Readable: Learn English with Chat Stories (A1/A2),messaging,no,
108,Sticker Make for WhatsApp,messaging,yes,
109,Stickers Hot para WhatsApp (WaStickers App),messaging,yes,
110,69Live - Random Video Chat Alternative,messaging,yes,
111,Brazilian Memes Stickers - WhatsApp WAStickerApps,messaging,yes,
112,Byzans: Chat about books and make new friends,messaging,no,social media
113,Chat History for Facebook,messaging,yes,
114,Chat Styles: Cool Font & Stylish Text for WhatsApp,messaging,yes,
115,Cleaner for WhatsApp,messaging,yes,
116,FireChat Private Messenger,messaging,yes,
117,iCareFone for WhatsApp Transfer,messaging,yes,
118,LernSax Messenger,messaging,no,Social Media
119,New WAStickerApps Unicorn Stickers For WhatsApp,messaging,yes,
120,Simple SMS Messenger - Manage messages easily,messaging,yes,
121,States for WhatsApp 2020,messaging,yes,
122,Twitch Emotes for WhatsApp,messaging,yes,
123,"Video Splitter for WhatsApp Status, Instagram*",messaging,.,Social Media
124,Whats - Bubble Chat,messaging,yes,
125,WhatsApp SIM,messaging,.,Calling
126,Chat Friend for Kik,messaging,no,Social Media
127,Chatous,messaging,yes,
128,Cleaner Fast for WhatsApp,messaging,yes,
129,ginlo Private Messenger,messaging,yes,
130,Hot Indian Girls Video Chat - Random Video chat,messaging,yes,
131,Memoji Apple Stickers for Android WhatsApp,messaging,yes,
132,Sticker Studio - Sticker Maker for WhatsApp,messaging,yes,
133,WAsticker 2021 - Stickers for WhatsApp,messaging,yes,
134,WCleaner for WhatsApp,messaging,yes,
135,All Telegram stickers for Whatsapp - Wastickerapps,messaging,yes,
136,Animal Stickers for WhatsApp,messaging,yes,
137,Animated Stickers 18+ For WhatsApp,messaging,yes,
138,Blue Talk (Random Stranger Chat),messaging,yes,
139,Chat Alternative — android app,messaging,yes,
140,Chatous - Random Chat,messaging,yes,
141,Emoji GIF Love Stickers For WhatsApp - Birthday,messaging,yes,
142,New Stickers & Emoji for WhatsApp - WAStickerApps,messaging,yes,
143,PureChat - Video Chat With Foreigners & New People,messaging,yes,
144,Status Saver for WhatsApp - Video Downloader App,messaging,yes,
145,Watomatic - Auto Reply for WhatsApp & Facebook,messaging,yes,
146,Whats Web for WhatsApp: Clone WhatsApp Web Scanner,messaging,yes,
147,10 Sticker Packs for WhatsApp,messaging,yes,
148,All GIF For WhatsApp Collection,messaging,yes,
149,Angela Merkel Sticker für WhatsApp (WAStickerApps),messaging,yes,
150,Animated Stickers for Signal Messenger,messaging,yes,
151,Anime Stickers – WAStickerApps for WhatsApp,messaging,yes,
152,Audio Manager for WhatsApp,messaging,yes,
153,Candy Talk - Random Chat,messaging,yes,
154,Chat with parents,messaging,yes,
155,"Chatting Hub (Random Chat, Strangeer Chat)",messaging,yes,
156,Cute & Funny Cat Sticker for WhatsApp WAStickerApp,messaging,yes,
157,Discord - Chat for Gamers,messaging,yes,
158,Honey Talk - Random Chat,messaging,yes,
159,Love Stickers for WhatsApp - (WAStickerApps),messaging,yes,
160,Messenger for WhatsApp Web,messaging,yes,
161,Messenger Premium for Entire Message Apps,messaging,yes,
162,New WAStickerApps Cat Stickers For Chat,messaging,yes,
163,Poppo - Online Video Chat & Meet,messaging,yes,
164,QKSMS - Quick Text Messenger,messaging,yes,
165,Status Saver for WhatsApp - Status Downloader,messaging,yes,
166,Stickery - Sticker maker for WhatsApp and Telegram,messaging,yes,
167,Brave Browser: Fast AdBlock,browsing,yes,
168,Mi Browser - Fast and secure browsing,browsing,yes,
169,com.huawei.browser,browsing,yes,
170,"Opera Touch: the fast, new web browser",browsing,yes,
171,org.telegram.messenger.web,browsing,no,Messaging
172,Free Adblocker Browser - Adblock & Popup Blocker,browsing,yes,
173,LINE Webtoon,browsing,no,
174,Chromecast,browsing,no,
175,Vivaldi Browser Beta,browsing,yes,
176,site.cryptobrowser,browsing,yes,
177,CryptoTab Browser,browsing,yes,
178,SPORT1-WebApp,browsing,no,
179,Latoi Browser,browsing,yes,
180,CryptoTab Browser Pro,browsing,yes,
181,Coinbase Wallet — Crypto Wallet & DApp Browser,browsing,.,
182,Chrome Remote Desktop,browsing,yes,
183,Styx Browser,browsing,yes,
184,"Adblock Browser Beta: Block ads, browse faster",browsing,yes,
185,DestinyBlazer Browser,browsing,yes,
186,Web Video Caster (Chromecast),browsing,no,
187,Aloha Browser Turbo - private browser + free VPN,browsing,yes,
188,Good Browser,browsing,yes,
189,OP Speed Browser - Lite,browsing,yes,
190,Aloha Browser + free VPN,browsing,yes,
191,org.chromium.webapk.a3f0932c61fc1bb2a_v2,browsing,yes,
192,Holla Web Browser BETA,browsing,yes,
193,Sago Browser,browsing,yes,
194,TV-Browser vP - TV program/radio program,browsing,yes,
195,New Nepali browser,browsing,yes,
196,Chrome,browsing,yes,
197,Desktop FullScreen Web Browser,browsing,yes,
198,Wild Browser: save animals browsing the internet,browsing,yes,
199,Survey Browser,browsing,yes,
200,"Solo - web browser, Downloader, internet explorer",browsing,yes,
201,Wah Browser,browsing,yes,
202,Avast Secure Browser: Fast VPN browser + Ad Block,browsing,yes,
203,Cisco WebEx Meetings,browsing,no,Calling
204,Fulldive Browser: Earn Money& Gift Cards + Adblock,browsing,yes,
205,"Maiar Browser: Blazing fast, privacy first browser",browsing,yes,
206,SC WEB: Fast Browser,browsing,yes,
207,Web Browser,browsing,yes,
208,Dictionary - WordWeb,browsing,no,
209,Indi Private Browser,browsing,yes,
210,TappyToon - Webtoons & Comics,browsing,no,
211,Reemote - Remote control for Deezer web,browsing,no,
212,Samz Browser,browsing,yes,
213,"Midori Browser Lite: Light, Fast & Safe",browsing,yes,
214,org.chromium.webapk.a2eb6a5cd965bb7a9_v2,browsing,yes,
215,Fronius Solar.web pro,browsing,no,
216,org.chromium.webapk.a6257d4a0581bd2c7,browsing,yes,
217,Firefox Lockwise,browsing,yes,
218,DroidCamX Wireless Webcam Pro,browsing,no,Calling
219,Cast TV for Roku/Chromecast/Apple TV/Xbox/Smart TV,browsing,no,
220,Tor Browser,browsing,yes,
221,org.chromium.webapk.ab14565c42dbbaca8,browsing,yes,
222,My WebID,browsing,no,
223,DriveOnWeb - Cloudspeicher,browsing,no,
224,"Zordo Browser - Fast, Lightweight and Secure",browsing,yes,
225,DK Browser,browsing,yes,
226,Browser for Android 2021,browsing,yes,
227,Best Net Browser,browsing,yes,
228,Star Browser 2020,browsing,yes,
229,Opera Coast web browser,browsing,yes,
230,org.chromium.webapk.ad2408e214f89895a,browsing,yes,
231,OP Browser - Made by PinkPic,browsing,yes,
232,Opera Mini Web browser,browsing,yes,
233,DroidCam Wireless Webcam,browsing,no,Calling
234,Ume Browser,browsing,yes,
235,GoToWebinar,browsing,no,Calling
236,org.chromium.webapk.a5e39a114dc8c6fe7,browsing,yes,
237,org.chromium.webapk.a939e87a840c27849_v2,browsing,yes,
238,RITS Browser- Fastest Browser,browsing,yes,
239,"UC Browser Turbo - Fast Download, Private, No Ads",browsing,yes,
240,Opera Mini web browser,browsing,yes,
241,Pi Browser,browsing,yes,
242,org.chromium.webapk.a68fe69b96fa83458_v2,browsing,yes,
243,org.chromium.webapk.ac8866c9fb20668a9_v2,browsing,yes,
244,Via - Web Browser,browsing,yes,
245,Av Browser - Fast & Lightweight secure Browser,browsing,yes,
246,org.chromium.webapk.a22611cdfcb6d2888_v2,browsing,yes,
247,org.chromium.webapk.a591339c800ec0583,browsing,yes,
248,Pocket Comics - Premium Webtoon,browsing,no,
249,WebSite-Watcher,browsing,.,
250,com.sec.kidsplat.kidsbrowser,browsing,yes,
251,Vivaldi Browser Snapshot,browsing,yes,
252,org.chromium.webapk.a5153ef9ce5c914c1,browsing,yes,
253,com.cyngn.browser,browsing,yes,
254,org.chromium.webapk.aa5f268ec61f6c798,browsing,yes,
255,org.chromium.webapk.a23b85babe82c2bde_v2,browsing,yes,
256,WOT Mobile Security Check & Website Protection,browsing,no,
257,org.chromium.webapk.a273b112650d2c532,browsing,yes,
258,org.chromium.webapk.a7ca927a62a38994f,browsing,yes,
259,"Wave, the Mobile-first Browser",browsing,yes,
260,LocalCast Media 2 Chromecast,browsing,no,
261,org.chromium.webapk.ae2b0ec11ce44278a,browsing,yes,
262,Web Banking,browsing,no,
263,WebWeaver Org,browsing,no,Social Media
264,"Web Browser - Fast, Privacy & Light Web Explorer",browsing,yes,
265,org.chromium.webapk.adae44cdfc9983517,browsing,yes,
266,"Cast to TV - Chromecast, Roku, stream phone to TV",browsing,no,
267,org.chromium.webapk.a58b73fd4e0734163_v2,browsing,yes,
268,org.chromium.webapk.ab004106baa4c9afe,browsing,yes,
269,org.chromium.webapk.a746f3e34c9b22cfb_v2,browsing,yes,
270,org.chromium.webapk.ab1b80d6e9d382cc3_v2,browsing,yes,
271,org.chromium.webapk.a4e6e5ced4277f4da_v2,browsing,yes,
272,org.chromium.webapk.a5ae1090c6ab3817a,browsing,yes,
273,"PDF Merge: Create & Combine Text, Image & Web page",browsing,no,
274,org.chromium.webapk.a324b5fda4e119048,browsing,yes,
275,org.chromium.webapk.a9fc7854821cfa582_v2,browsing,yes,
276,Chromecast Z - TV Streaming & Screen Share,browsing,no,
277,"Mint Browser - Video download, Fast, Light, Secure",browsing,yes,
278,org.chromium.webapk.a303999890f803922,browsing,yes,
279,Firefox 5.0,browsing,yes,
280,Iron Browser - by SRWare,browsing,yes,
281,org.chromium.webapk.a32d9ad179f986ff8_v2,browsing,yes,
282,Tor Browser (Alpha),browsing,yes,
283,"Translator, text, web pages & camera 100% free",browsing,no,
284,"Wix Owner: Build Websites, Stores, Blogs and more",browsing,.,
285,org.chromium.webapk.a4daa2d1d1759ce2f_v2,browsing,yes,
286,"Toomics - Read Comics, Webtoons, Manga for Free",browsing,no,
287,org.chromium.webapk.a33d1d91c3d9832d0,browsing,yes,
288,Iriun 4K Webcam for PC and Mac,browsing,no,Calling
289,org.chromium.webapk.a35a4d8ec6a094573,browsing,yes,
290,org.chromium.webapk.a95230f422fee7cbc_v2,browsing,yes,
291,org.chromium.webapk.ae193ec6219e5c8c7_v2,browsing,yes,
292,Plain UPnP - UPnP / DLNA server and browser,browsing,yes,
293,"Hot Browser : Private, Fast & Safe",browsing,yes,
294,New Incognito Browser - Browse Anonymously,browsing,yes,
295,org.chromium.webapk.a342178eace0f3ddb_v2,browsing,yes,
296,org.chromium.webapk.a44a72c1a68b4a781_v2,browsing,yes,
297,org.chromium.webapk.a7d19438e5af6f0d7,browsing,yes,
298,org.chromium.webapk.ae19d4b3524137046_v2,browsing,yes,
299,Downloader & Private Browser,browsing,yes,
300,Firebolt Browser,browsing,yes,
301,WebDAV Server,browsing,no,
302,org.chromium.webapk.a9a7bb2d028b19e63_v2,browsing,yes,
303,Smart Search & Web Browser,browsing,yes,
304,Mobile Client for WhatsApp Web (no ads) (Unreleased),browsing,no,Messaging
305,org.chromium.webapk.a0a7d8a0c7ff1487c_v2,browsing,yes,
306,org.chromium.webapk.a91b7299f5bac0b46_v2,browsing,yes,
307,org.chromium.webapk.ab5f56cb7ad04fa63_v2,browsing,yes,
308,org.chromium.webapk.ae821d69e26374c39,browsing,yes,
309,org.chromium.webapk.a6a8e939eb1aa1d3e_v2,browsing,yes,
310,org.chromium.webapk.af311b8e3f948ba5d,browsing,yes,
311,ASUS WebStorage,browsing,no,
312,Downloader & Browser,browsing,yes,
313,ICSx5 – sync Webcal & .ics calendars,browsing,no,
314,org.chromium.webapk.a57d9b1cb1479bbf6_v2,browsing,yes,
315,org.chromium.webapk.a6350e41d653fd36b,browsing,yes,
316,Web Opac: 500+ libraries,browsing,no,
317,"Cave Browser - Fast web search, Free VPN, Adblock",browsing,yes,
318,Dew Browser Lite,browsing,yes,
319,org.chromium.webapk.a0a8c8a6f4746deb1,browsing,yes,
320,org.chromium.webapk.a62c3553f39f99bbf,browsing,yes,
321,org.chromium.webapk.a9fca8e2359a11307_v2,browsing,yes,
322,org.chromium.webapk.af95d7a6e37315c65_v2,browsing,yes,
323,Tubio - Cast Web Videos to TV,browsing,no,
324,Web Browser & Fast Explorer,browsing,yes,
325,WebMoney Keeper,browsing,no,
326,LG webOS Connect,browsing,no,
327,org.chromium.webapk.a01684c55bfc38659,browsing,yes,
328,org.chromium.webapk.a11b89bbb77d1ed53,browsing,yes,
329,org.chromium.webapk.a2a342b67d41be00c_v2,browsing,yes,
330,org.chromium.webapk.a5c2306728d0f4ef5_v2,browsing,yes,
331,org.chromium.webapk.a634e96d8e5620ae0_v2,browsing,yes,
332,WebDAV plugin-Total Commander,browsing,no,
333,com.vmos.web,browsing,no,
334,Firefox Preview,browsing,yes,
335,org.chromium.webapk.a2f8d58e7ebf576c3,browsing,yes,
336,org.chromium.webapk.a64a28a9253707ab9,browsing,yes,
337,Adblock Plus (Samsung Browser),browsing,yes,
338,Blocker - Website and Porn Blocker.,browsing,no,
339,"Cast to TV: Chromecast, Roku, Fire TV, Xbox, IPTV",browsing,no,
340,DELITOON - DE Mangas und Webtoons,browsing,no,
341,My Desktop Browser,browsing,yes,
342,org.chromium.webapk.a102ef8fb6765f0b1_v2,browsing,yes,
343,org.chromium.webapk.a2a2e73573b6951c1,browsing,yes,
344,org.chromium.webapk.ac22359ed9cfa2a6b_v2,browsing,yes,
345,org.chromium.webapk.ad59cfde1a1ca041c_v2,browsing,yes,
346,Phoenix Browser,browsing,yes,
347,"Pocket TV: Free HD Movies, Live TV & Web Series",browsing,no,
348,Saffari Browser - IOS 15,browsing,yes,
349,Video & TV Cast + Chromecast,browsing,no,
350,Web Alert (Website Monitor),browsing,.,
351,Whats Web,browsing,???,Messaging
352,com.lge.lgdmwebviewer4vzw,browsing,yes,
353,com.lge.smartdoctor.webview,browsing,yes,
354,de.websale.riccardo,browsing,no,
355,Jimdo – Website Builder,browsing,.,
356,My Web,browsing,no,
357,Naked Browser web browser LTS,browsing,yes,
358,Naver Whale Browser,browsing,yes,
359,org.chromium.webapk.a01a3f1049ab9573e,browsing,yes,
360,org.chromium.webapk.a0ee45505ce17d8c9_v2,browsing,yes,
361,org.chromium.webapk.a206a764886f372cf,browsing,yes,
362,org.chromium.webapk.a6389a22753d90fc2,browsing,yes,
363,org.chromium.webapk.a7957cde0bfecaa71_v2,browsing,yes,
364,org.chromium.webapk.ae3bee526800cfd61_v2,browsing,yes,
365,org.chromium.webapk.afe7d0b694d8487da_v2,browsing,yes,
366,Ume Browser - Fast & Private & Ad Blocker,browsing,yes,
367,"AdBlock - Block ads from all browsers,blocker plus",browsing,no,
368,AVG Browser: Fast Browser + VPN & Ad Block (Beta),browsing,yes,
369,Incognito+ Pro fast private anonymous Browser,browsing,yes,
370,Indi Browser,browsing,yes,
371,Kiwi Browser - Fast & Quiet,browsing,yes,
372,org.chromium.webapk.a07183dc7c91597a1,browsing,yes,
373,org.chromium.webapk.a08240e2f319365dc_v2,browsing,yes,
374,org.chromium.webapk.a0c18546eed75fea0,browsing,yes,
375,org.chromium.webapk.a1fffb8519da1804c,browsing,yes,
376,org.chromium.webapk.a28fd7477e91bbdfa_v2,browsing,yes,
377,org.chromium.webapk.a51b2124e890abeaf_v2,browsing,yes,
378,org.chromium.webapk.a581a3d8022e1c061,browsing,yes,
379,org.chromium.webapk.a684f584b39fb27f5_v2,browsing,yes,
380,org.chromium.webapk.a70a63c743b8222a5_v2,browsing,yes,
381,org.chromium.webapk.a947ae04115584204_v2,browsing,yes,
382,org.chromium.webapk.a9adc9c3c386d11bf,browsing,yes,
383,org.chromium.webapk.aa2ce8f9b27e8c563,browsing,yes,
384,org.chromium.webapk.ac1e2f6fd14576104,browsing,yes,
385,org.chromium.webapk.ac904ce9cd989a9e8,browsing,yes,
386,org.chromium.webapk.adaaea38f6862b29f_v2,browsing,yes,
387,Video & TV Cast + Fire TV | Web Video Browser,browsing,no,
388,Armorfly Browser Downloader,browsing,yes,
389,Bookmark Manager - Website favorites manager,browsing,yes,
390,Chromecast Apps (BETA),browsing,no,
391,Dictionary - Merriam-Webster,browsing,no,
392,Earth Online: Live Webcams,browsing,no,
393,Enspier Browser,browsing,yes,
394,KindleStoreWebApp,browsing,no,
395,org.chromium.webapk.a03763c84b671ed7d,browsing,yes,
396,org.chromium.webapk.a0d1fa057ebd089aa_v2,browsing,yes,
397,org.chromium.webapk.a19881baa43ce2b0f_v2,browsing,yes,
398,org.chromium.webapk.a2879424740ff2329,browsing,yes,
399,org.chromium.webapk.a493bcc63db2abf18,browsing,yes,
400,org.chromium.webapk.a4d8fd0f8ce8fdca3_v2,browsing,yes,
401,org.chromium.webapk.a4e7c08b20002a1f2_v2,browsing,yes,
402,org.chromium.webapk.a6b5bc538aec06f59_v2,browsing,yes,
403,org.chromium.webapk.a7cbe587a96bc67f0,browsing,yes,
404,org.chromium.webapk.a878bf6fc55f14796,browsing,yes,
405,org.chromium.webapk.a8c4058fcd004b991,browsing,yes,
406,org.chromium.webapk.aa3b5667b8959d46b,browsing,yes,
407,org.chromium.webapk.aa97ebbac81ab53c9,browsing,yes,
408,org.chromium.webapk.ac505b682bbdc9165,browsing,yes,
409,org.chromium.webapk.ad508dd58eb989dfa,browsing,yes,
410,org.chromium.webapk.adfc80befc48e30d9_v2,browsing,yes,
411,org.chromium.webapk.afd1aac147eff566c_v2,browsing,yes,
412,Sharkee Browser,browsing,yes,
413,UPnP Browser,browsing,yes,
414,Web'n'App TV,browsing,no,
415,Web8100753082c3e28183842e21eb98091,browsing,yes,
416,WebAccess A,browsing,yes,
417,Whats Web for WhatsApp: Clone WhatsApp Web Scanner,browsing,no,Messaging
418,3D Geeks : Thingiverse Browser for 3D Printing,browsing,no,
419,Ad-Blocker Browser for iDevices with Chromecast Support - The leading AdBlock mobile app without Whitelist since 2012,browsing,yes,
420,AdBlocker Ultimate Browser,browsing,yes,
421,"Cast to TV for Miracast, Roku, Chromecast, SmartTV",browsing,no,
422,Dual Browser (Paid),browsing,yes,
423,Messenger for WhatsApp Web,browsing,no,Messaging
424,MyFastweb,browsing,yes,
425,Nova video downloader: Download video from web,browsing,yes,
426,OceanHero - Search the web and save the oceans,browsing,yes,
427,org.chromium.webapk.a02f1d2d6cbabadef_v2,browsing,yes,
428,org.chromium.webapk.a03e596bf70bde748_v2,browsing,yes,
429,org.chromium.webapk.a03e947067111bff9_v2,browsing,yes,
430,org.chromium.webapk.a12b4abbd5fcb75b9_v2,browsing,yes,
431,org.chromium.webapk.a193792c0cf967566,browsing,yes,
432,org.chromium.webapk.a1a3d038106215d44_v2,browsing,yes,
433,org.chromium.webapk.a1a8b12d1d1921dab_v2,browsing,yes,
434,org.chromium.webapk.a247e4656230a8f4b_v2,browsing,yes,
435,org.chromium.webapk.a2705ab250b3fc367,browsing,yes,
436,org.chromium.webapk.a300f57f829581001_v2,browsing,yes,
437,org.chromium.webapk.a33bd31e9eaae58bb_v2,browsing,yes,
438,org.chromium.webapk.a352291788e0b7e0f_v2,browsing,yes,
439,org.chromium.webapk.a5004d3982fc77856_v2,browsing,yes,
440,org.chromium.webapk.a58ef2e320b82f058_v2,browsing,yes,
441,org.chromium.webapk.a5a7a67052a360a33,browsing,yes,
442,org.chromium.webapk.a5b6c42f5b2ad9c65,browsing,yes,
443,org.chromium.webapk.a5b8de91c1106a7aa,browsing,yes,
444,org.chromium.webapk.a5c3983a5413c9fe7_v2,browsing,yes,
445,org.chromium.webapk.a5d15431a4d38f0b3_v2,browsing,yes,
446,org.chromium.webapk.a6261a7ed1402b4a7_v2,browsing,yes,
447,org.chromium.webapk.a68cc2c5a4078ef84_v2,browsing,yes,
448,org.chromium.webapk.a7213ba42278b57fb,browsing,yes,
449,org.chromium.webapk.a8146ffc400ef2b24_v2,browsing,yes,
450,org.chromium.webapk.a82ea296930e0f4dd_v2,browsing,yes,
451,org.chromium.webapk.a840020428dbca7ff_v2,browsing,yes,
452,org.chromium.webapk.a97919bfb19225ae6,browsing,yes,
453,org.chromium.webapk.aaeaccef00d2a4ac2,browsing,yes,
454,org.chromium.webapk.ab6aad1d6f057dd21_v2,browsing,yes,
455,org.chromium.webapk.ab8b9e1414a5475b2_v2,browsing,yes,
456,org.chromium.webapk.aca6f9d1b96464631,browsing,yes,
457,org.chromium.webapk.acc9cccf12e202575_v2,browsing,yes,
458,org.chromium.webapk.acd12064d7ce9ef7a_v2,browsing,yes,
459,org.chromium.webapk.acfccb9d0008bf688_v2,browsing,yes,
460,org.chromium.webapk.adb83e0f6e48ec4e5,browsing,yes,
461,org.chromium.webapk.adf5faf66fc466ebf,browsing,yes,
462,org.chromium.webapk.ae02a7b0ac6c036db_v2,browsing,yes,
463,org.chromium.webapk.af908fe61e51d4eac,browsing,yes,
464,org.chromium.webapk.afaf3efc67ab0bcfa_v2,browsing,yes,
465,Private Browser Pro - Secure Incognito Browsing,browsing,yes,
466,Puffin Web Browser,browsing,yes,
467,Root Browser,browsing,yes,
468,"Screen Mirroring: IPTV, Chromecast, FireTV",browsing,no,
469,Speed Browser,browsing,yes,
470,"Unlimited Free VPN by betternet - Unblock any website, wifi security and protect privacy",browsing,yes,
471,USB Camera - Connect EasyCap or USB WebCam,browsing,no,Photo/Calling
472,"VPN Infinite – Free Proxy, Security Unlock Website",browsing,yes,
473,"VPN Unlimited - Encrypted, Secure & Private Internet Connection for Anonymous Web Surfing",browsing,yes,
474,Webcams,browsing,no,
475,Camera,photo,yes,
476,Google Photos,photo,no,
477,Galerij,photo,no,
478,Cámara,photo,yes,
479,Photo editor,photo,no,
480,Google Camera,photo,yes,
481,Moto Camera 2,photo,yes,
482,Google Photos - unlimited photo and video storage,photo,no,
483,Amazon Cloud Drive Photos,photo,no,
484,comdirect photoTAN App,photo,no,
485,Gallery Go by Google Photos,photo,no,
486,Simple Gallery Pro - Photo Manager & Editor,photo,no,
487,Collage Maker - photo collage & photo editor,photo,no,
488,PicsArt - Photo Studio,photo,no,
489,TomTom Speed Cameras,photo,no,
490,Moto Camera,photo,yes,
491,"Photo,Video Locker-Calculator",photo,no,
492,com.huawei.photos,photo,no,
493,Adobe Photoshop Express,photo,no,
494,Moto Camera 3,photo,yes,
495,Photo Screensavers,photo,no,
496,Photo Editor,photo,no,
497,HTC Camera,photo,yes,
498,Gallery365 - Photo viewer & editor,photo,no,
499,PhotoMath,photo,no,
500,HD Camera,photo,yes,
501,VW Financial Services photoTAN,photo,no,
502,Gallery Vault-Hide Video&Photo,photo,no,
503,Calculator - Photo Vault & Video Vault hide photos,photo,no,
504,A Better Camera Unlocked,photo,yes,
505,YI Home Camera,photo,no,
506,com.samsung.android.motionphoto.viewer,photo,yes,
507,Cymera - Camera & Photo Editor,photo,yes,
508,Photo Collage Maker - Photo Editor,photo,yes,
509,Open Camera,photo,yes,
510,Photo Editor Pro,photo,no,
511,ASUS PixelMaster Camera,photo,yes,
512,In Timestamp Camera Free,photo,yes,
513,Timestamp Camera Free,photo,yes,
514,BlackBerry Camera,photo,yes,
515,Best Camera,photo,yes,
516,Manual Camera : DSLR Camera Professional (Procam),photo,yes,
517,Photo & Video Downloader for Instagram- InstaSaver,photo,no,Social Media
518,Blend Photo Mixer,photo,yes,
519,Bosch Smart Camera,photo,yes,
520,Synology Photos,photo,no,
521,Canon Camera Connect,photo,yes,
522,cewe photoworld - photo book,photo,no,
523,PhotoRoom - Remove Background & Create Pro Photos,photo,yes,
524,Battery Charging Slideshow - Charging Photo Slides,photo,no,
525,Photo Editor Collage Maker Pro,photo,no,
526,com.miui.extraphoto,photo,yes,
527,"Gallery - Picture Gallery, Photo Manager, Album",photo,no,
528,Photo & Video Downloader for Instagram - Repost IG,photo,no,Social Media
529,Photo & Picture Resizer,photo,no,
530,com.sonymobile.photopro,photo,yes,
531,Radarbot Free: Speed Camera Detector & Speedometer,photo,no,
532,Adobe Photoshop Mix,photo,no,
533,Photo Grid - Collage Maker,photo,yes,
534,PhotoDirector - Photo Editor,photo,yes,
535,EyeEm - Photo Filter Camera,photo,yes,
536,PhotoScan by Google Photos,photo,no,
537,Video Maker of Photos with Music & Video Editor,photo,yes,
538,Photo Collage Editor,photo,no,
539,Voilà AI Artist - Photo to Cartoon Face Art Editor,photo,yes,
540,BQ Camera,photo,yes,
541,WeHome-Mini Smart Home(Battery Doorbell&IP Camera),photo,no,
542,Privacy Calculator–Hide Video&Photo Vault–HideX,photo,no,
543,KVADGroup - Photo Studio,photo,no,
544,"ToonApp: AI Cartoon Photo Editor, Cartoon Yourself",photo,no,
545,Facetune2 - Selfie Photo Editor,photo,no,
546,ProCam X ( HD Camera Pro ),photo,yes,
547,DS photo+,photo,no,
548,Photo Compress & Resize,photo,no,
549,Remini - photo enhancer,photo,yes,
550,Photos,photo,yes,
551,Blend Me Photo Editor,photo,yes,
552,"PhotoLayers?Superimpose,Eraser",photo,no,
553,Camera 3D,photo,yes,
554,NewBorder for Instagram - Border for Photo & Video,photo,no,Social Media
555,Camera Scanner To Pdf - TapScanner,photo,no,
556,HD Camera Pro : Best Camera HD Professional (Lite),photo,yes,
557,KVADGroup - Photo Studio PRO,photo,no,
558,LightX - Advance Photo Editor (Unreleased),photo,yes,
559,Camera Timestamp Free,photo,yes,
560,Pic Collage Maker Photo Editor,photo,no,
561,Pixum - Photo Book fast & intuitive,photo,no,
562,"Best Gallery - Photo Manager, Smart Gallery, Album",photo,no,
563,HD Camera for Android,photo,yes,
564,HD Filter Camera - Snap Photo Video & Panorama,photo,yes,
565,Gallery - Best Gallery with Photo Editor,photo,no,
566,Insta Square No Crop Photo,photo,no,Social Media
567,Auto blur background - Portrait photography DSLR,photo,no,
568,Collage Maker - Photo Collage & Photo Editor,photo,no,
569,Photo Album Scanner,photo,no,
570,KODAK MOMENTS All-in-One Photo,photo,yes,
571,Pencil Photo Sketch-Sketching Drawing Photo Editor,photo,no,
572,"Video Maker & Photo Slideshow, Music - FotoPlay",photo,yes,
573,"Photo Editor, Filters for Pictures - Lumii",photo,no,
574,Polagram - Print & Send photos,photo,no,
575,Endoscope Camera,photo,yes,
576,Gallery - Photo Album & Gallery Slideshow,photo,no,
577,Simple Photo Widget,photo,no,
578,Text To Photo - Photo Text Edit,photo,no,
579,Photo ID Matcher,photo,yes,
580,Photo Translator - translate pictures with camera,photo,yes,
581,All Video Downloader - Fast Photo & Video Saver,photo,no,
582,"Compress Photo Puma: KB, MB, Resolution, Quality",photo,no,
583,Moldiv - Collage Photo Editor,photo,yes,
584,"Photoshop Camera - smart capture, filters, lenses",photo,yes,
585,90X Photo Lab Editor Pro,photo,no,
586,Adobe Photoshop Fix,photo,no,
587,Collage Maker Pro - Pic Editor & Photo Collage,photo,no,
588,Crystal Ball Photo Frame,photo,no,
589,Expose by VIMAGE: Photo Editing & Glitch Filters,photo,no,
590,Gallery - Photo Gallery & Video Gallery,photo,no,
591,InstaFrame Photo Collage Maker,photo,no,
592,Lensa: Photo Editor,photo,yes,
593,Biometric Passport Photo,photo,yes,
594,Photo Collage Maker HD,photo,yes,
595,PhotoArtista - Oil,photo,no,
596,Status Saver - Photo & Video Downloader,photo,no,Social Media
597,"ToonArt: Cartoon Yourself, Caricature Photo Editor",photo,no,
598,BeautyPlus - Magical Camera,photo,yes,
599,Collage Maker Photo Editor - Pic Grid&Insta Square,photo,no,
600,ID Photo application,photo,no,
601,Insta Download - Video & Photo,photo,no,Social Media
602,Photo Compressor: Compress Photo & Resize Photo,photo,no,
603,Photo Sherlock - Reverse Image Search,photo,no,Web Browsing
604,Polarr Photo Editor,photo,yes,
605,Screen Master: Screenshot & Photo Markup,photo,no,
606,Video Downloader for Instagram - Repost IG Photo,photo,no,Social Media
607,Wedding Dress Photo Montage,photo,yes,
608,YouSnap - Camera Scan to PDF,photo,yes,
609,Enlight Quickshot - Photo Editor,photo,no,
610,Photo Editor for Android,photo,no,
611,Photo video maker,photo,yes,
612,Photomyne Album Scanner,photo,yes,
613,PicTrick – Creative photos in a few clicks!,photo,yes,
614,Popsa - Photobooks in 5 minutes,photo,no,
615,Add Text On Photo - Photo Text Editor,photo,no,
616,Camly photo editor & collages,photo,no,
617,com.google.android.GoogleCamera.Urnyx,photo,yes,
618,Hunting Camera Pro,photo,no,
619,photo eraser : remove unwanted objects,photo,no,
620,"Photo Resizer: Crop, Resize, Share Images in Batch",photo,no,
621,Camera Translator,photo,no,
622,Collage Flower Photo Editor,photo,no,
623,SamSaidYes - #1 Photo Party,photo,no,
624,Sketch Camera,photo,yes,
625,Calculator Lock Calculator Hide App photos Locker,photo,no,
626,Christmas Photo Frames,photo,no,
627,com.google.android.GoogleCameraEng,photo,yes,
628,Fake Camera,photo,no,
629,Glitch VHS Retro - 3D Glitch Effect & Photo Editor,photo,yes,
630,Hide photos & lock videos with Keep Safe photo vault,photo,no,
631,InFrame - Photo Editor & Pic Frame,photo,no,
632,Photo Gallery & Album,photo,no,
633,Photo talks,photo,no,
634,Silent Camera [High Quality],photo,no,
635,Video maker with photo & music,photo,yes,
636,WiFi Camera,photo,yes,
637,Birthday Photo Frames,photo,no,
638,CameraFi2,photo,yes,
639,Face Makeup Editor - Beauty Selfie Photo Camera,photo,yes,
640,"HD Camera - Video, Panorama, Filters, Photo Editor",photo,yes,
641,HD Camera Pro,photo,yes,
642,ONVIF IP Camera viewer/explore,photo,no,
643,Photo Editor by Aviary,photo,no,
644,Photo Frame,photo,no,
645,Photo Gallery,photo,no,
646,Photo Plastic Surgery Pro,photo,no,
647,Private Photo Vault - Ultimate Photo+Video Manager,photo,no,
648,Cut Paste Photo Seamless Edit,photo,no,
649,Family photo frame,photo,no,
650,"ID Photo (Passport, Driver's license, Resume, etc)",photo,no,
651,iMarkup: Draw & Annotate on photos,photo,no,
652,Pho.to Lab - free photo editor,photo,no,
653,Photo Sketch Maker,photo,yes,
654,Photo Transfer App,photo,no,
655,PhotoSync – Wireless Transfer,photo,no,
656,SimplyCards - Real postcard with your photos,photo,yes,
657,Speed Cameras Radar,photo,no,
658,Add Text to Photo App (2016),photo,no,
659,Add Watermark on Videos & Photos,photo,yes,
660,BlackCam Pro - B&W Camera,photo,yes,
661,Camera Effects,photo,yes,
662,cartoon photo editor - camart,photo,yes,
663,Cartoon Pictures - Cartoon Photo Editor,photo,yes,
664,Ephoto 360 - Photo Effects,photo,yes,
665,Manual FX Camera - FX Studio,photo,yes,
666,Passport Size Photo Maker,photo,yes,
667,Photo & Videos Downloader for Instagram - IG Saver,photo,no,Social Media
668,Photo Album Watch Face,photo,no,
669,Ultimate Photo Blender / Mixer,photo,yes,
670,Add Text To Photo,photo,no,
671,celebrate wedding photos – 100% free,photo,no,
672,Collect - Photo Journal | Everyday Picture Diary | Project 365 Calendar,photo,no,
673,com.app.editor.editorphotos,photo,no,
674,Easy Scanner - Camera to PDF,photo,yes,
675,Mosaic Photo - Photo Editor,photo,no,
676,Mosaic Photo Effects,photo,yes,
677,OnText - Text on Photo Editor: Add Text to Photos,photo,no,
678,"Photo Splitter (Split Your Images, Pictures)",photo,no,
679,PhotoCircle,photo,yes,
680,PhotoDirector - Bundle Version,photo,no,
681,PhotoFunia,photo,yes,
682,Photon Pong - Earn Free LTC,photo,no,
683,"PicsPro- Photo Editor, Background Eraser, Effects",photo,yes,
684,Recover Deleted Photos: Restore All deleted Images,photo,no,
685,Shot on Watermark on Photo - Like Shot On one plus,photo,yes,
686,Social Photo Feed For Gear S2/S3,photo,no,Social Media
687,Speed Camera Radar (PRO),photo,no,
688,"SVR Camera -Background Video Recorder,Quick Record",photo,yes,
689,Varnist - Photo art effects,photo,yes,
690,WNTD - search people by photo,photo,no,
691,"YuFace Makeup Photo Editor, Beauty Camera Filter",photo,yes,
692,1998 Cam - Vintage Camera,photo,yes,
693,4K Camera - Filmmaker Pro Camera Movie Recorder,photo,yes,
694,Beauty Sweet Camera,photo,yes,
695,Big Profile Photo,photo,no,
696,Calculator - Photo Vault (hidden your photos ),photo,no,
697,Camera360 Ultimate,photo,yes,
698,com.smsoft.restore.photos,photo,no,
699,DeepSkyCamera,photo,yes,
700,Disposable Camera & Vintage Film Filters - OldRoll,photo,yes,
701,FiLMiC Firstlight - Photo App,photo,yes,
702,FreePrints Photo Tiles,photo,yes,
703,Image Colorizer - Colorize Black and White Photos,photo,no,
704,Inst Big Profile Photo - larger profile picture,photo,no,Social Media
705,kdev.restoredelete.photos,photo,no,
706,Looparoid – Instant Photo Story in an Animated GIF,photo,yes,
707,MagiCut - Cut Paste Photo Editor|Cutout Background,photo,yes,
708,Perspective Warp Photo Effect,photo,yes,
709,Photo Collage,photo,no,
710,Photo Collage - Photo Editor,photo,no,
711,Photo Collage & Art Frame,photo,no,
712,"Photo collage, photo frames, photo editor",photo,yes,
713,Photo Frames-Unlimited,photo,no,
714,Photo Motion,photo,yes,
715,"Photo Recovery, Restore Deleted Photo & Lost Video",photo,no,
716,"Photomaker (Edit, Share/Print)",photo,no,
717,Photoshop HD,photo,no,
718,PicShot - Photo Editor Pro,photo,no,
719,Piktures - Photo Album Gallery,photo,yes,
720,PLOTAVERSE • Easily Bring Your Photos To Life,photo,no,
721,Police Detector (Speed Camera Radar),photo,no,
722,Professional HD Camera with Beauty Camera,photo,yes,
723,Recover Deleted Photos,photo,no,
724,Recover Deleted Pictures - Restore Deleted Photos,photo,no,
725,Restore Deleted Photos - Picture Recovery,photo,no,
726,Restore Deleted Photos – Erased Images Recovery,photo,no,
727,S Photo Editor,photo,no,
728,Silent Video Camera [High Quality],photo,yes,
729,Simple Photo Widget - Photo Widget - Gallery photo,photo,yes,
730,Skull Face Camera,photo,yes,
731,tadaa - HD Pro Camera,photo,yes,
732,Text on Photo,photo,no,
733,3D Sketch - Pencil Sketch Art & Sketch Camera App,photo,no,
734,Adobe Photoshop Sketch,photo,no,
735,APCamera,photo,no,
736,Art Filter Photo Editor Selfie,photo,yes,
737,Artful - Photo Glitter Effects,photo,no,
738,"Avatan - Photo Editor, Effects and Touch Up",photo,no,
739,"Blur Face - Censor, Pixelate & Blur Photo",photo,yes,
740,Calculator Locker: Hide Photos & Videos + Applock,photo,no,
741,Camera FV-5,photo,yes,
742,Camera MX,photo,yes,
743,Camera One for Samsung Watch,photo,yes,
744,camera.photo.beauty.editor,photo,yes,
745,Camerabokehservice,photo,yes,
746,Cardboard Camera,photo,yes,
747,cn.oneplus.photos,photo,no,
748,com.bornehltd.photoeditorpro,photo,no,
749,Darkroom – Photo Editor,photo,no,
750,Dreamstime: Sell Your Photos,photo,no,
751,Easy-PhotoPrint Editor,photo,no,
752,Edible mushroom - Photos,photo,.,
753,Enhance it - Fix your Photos,photo,no,
754,Face Makeup Camera & Beauty Photo Makeup Editor,photo,no,
755,FotoTool - Photographer Tools,photo,no,
756,Furbo-Treat Tossing Dog Camera,photo,no,
757,HDR FX Photo Editor Pro,photo,no,
758,Heart Rate Variability HRV Camera,photo,no,
759,insfull - Big Profile Photo Picture for instagram,photo,no,Social Media
760,IP Camera Monitor – Video Surveillance Monitoring,photo,no,
761,Lomographica Vintage Selfie Camera Filters 2019,photo,yes,
762,Lux Light Meter & Tools - Photometer PRO,photo,no,
763,"MagiCut Photo Editor, Filters & Cutout HD",photo,yes,
764,Maktun: Coin search by photo,photo,no,
765,Mirror Photo Collage Maker,photo,no,
766,Movepic - Photo motion & Cinemagraph,photo,yes,
767,Name on Birthday Cake - Photo on Birthday Cake,photo,no,
768,"Palm Secret - Aging Camera, Palm Reader, Horoscope",photo,yes,
769,Photo & Video Downloader for Instagram -Instake,photo,no,Social Media
770,Photo Assistent,photo,yes,
771,Photo Collada - collage maker,photo,no,
772,Photo Collage Maker - Pic Editor & Photo Grid,photo,no,
773,Photo Editor Pro - Collage Maker & Photo Gallery,photo,no,
774,"Photo Gallery - Cool Photos & Videos, Photo Editor",photo,no,
775,Photo Grid,photo,no,
776,Photo Grid & Video Collage Maker - PhotoGrid Plus,photo,no,
777,Photo Lab Picture Editor | Fun Photo Art Effects,photo,yes,
778,Photographer's companion,photo,yes,
779,PhotoSì - Photo Printing,photo,yes,
780,Pic Collage Maker & Photo Editor Free - My Collage,photo,no,
781,Pixomatic photo editor,photo,yes,
782,piZap photo editor & collages,photo,no,
783,Restore Deleted Photos,photo,no,
784,Rotate Photo,photo,no,
785,Security Camera CZ,photo,no,
786,Selfie Camera Pro,photo,yes,
787,Slidebox - Photo Organizer,photo,no,
788,Sound Photo,photo,no,
789,StoryZ Photo Video Maker & Loop video Animation,photo,yes,
790,Text Art - Style Text On Photo & Your Name Art,photo,no,
791,Text Over Photo,photo,no,
792,Totsie – Baby Photo Editor,photo,yes,
793,"TV Assist - Play photos, videos and music to TV",photo,no,
794,USB Camera - Connect EasyCap or USB WebCam,photo,yes,
795,Werewolf Me: Photo Editor & Wolf Face Maker,photo,no,
796,Wrist Camera,photo,yes,
797,"XnConvert - Photo Resize, Compress & Convert",photo,no,
798,YCamera,photo,yes,
799,Instagram,sm,yes,
800,Facebook,sm,yes,
801,Twitter,sm,yes,
802,Pinterest,sm,yes,
803,LinkedIn,sm,yes,
804,Facebook Lite,sm,yes,
805,Story Saver for Instagram,sm,yes,
806,Fenix 2 for Twitter,sm,yes,
807,"Buffer (Twitter, Facebook)",sm,yes,
808,Facebook Pages Manager,sm,yes,
809,Video Editor Instagram No Crop,sm,yes,
810,Maki Pro for Facebook,sm,yes,
811,Layout from Instagram,sm,yes,
812,Follower Analyzer (Instagram),sm,yes,
813,Photo & Video Downloader for Instagram- InstaSaver,sm,yes,
814,Facebook Ads Manager,sm,yes,
815,Boomerang from Instagram,sm,yes,
816,Photo & Video Downloader for Instagram - Repost IG,sm,yes,
817,InstaSave - Instagram Save,sm,yes,
818,Facebook at Work,sm,yes,
819,Story Save - Instagram Stories Download,sm,yes,
820,Tweetbot for Twitter (iPhone & iPod touch),sm,yes,
821,Video Downloader for Facebook,sm,yes,
822,Download Twitter Videos - Save Twitter & GIF,sm,yes,
823,Story Saver for Instagram - Story Downloader,sm,yes,
824,Dark Theme Mode for Facebook,sm,yes,
825,"Video Downloader for Instagram, Reels, Story Saver",sm,yes,
826,StoryLab - insta story art maker for Instagram,sm,yes,
827,NewBorder for Instagram - Border for Photo & Video,sm,yes,
828,Insta Tools - An Integrated Instagram Toolkit,sm,yes,
829,Video downloader for Facebook-Fastget,sm,yes,
830,Video Downloader for Instagram,sm,yes,
831,Highlight Cover Maker for Instagram - StoryLight,sm,yes,
832,Video Downloader for Facebook - FB HD Video Saver,sm,yes,
833,Downloader for Instagram - Repost & Multi Accounts,sm,yes,
834,Friendly for Facebook,sm,yes,
835,Maki for Facebook & Twitter,sm,yes,
836,Insta Story Art - Instagram stories maker,sm,yes,
837,Likulator - Free Likes for Instagram,sm,yes,
838,Twitter Lite,sm,yes,
839,Video Downloader for Instagram - Repost IG Photo,sm,yes,
840,Video Downloader For Facebook,sm,yes,
841,Albatross For Twitter,sm,yes,
842,Feed Preview for Instagram,sm,yes,
843,LinkedIn Learning,sm,yes,
844,Fønts: Cool Keyboard Fonts & Symbols for Instagram,sm,yes,
845,"Story saver, Video Downloader for Instagram",sm,yes,
846,No Crop for Instagram,sm,yes,
847,Tag Me - Search & Find the Best Instagram Hashtags,sm,yes,
848,Video Downloader for Facebook - FB Video Download,sm,yes,
849,Photo & Videos Downloader for Instagram - IG Saver,sm,yes,
850,"TrackPro- Plus Real Followers, Likes for Instagram",sm,yes,
851,Pinterest Lite,sm,yes,
852,Profile Picture Download for Instagram,sm,yes,
853,Download Twitter Videos - Twitter video downloader,sm,yes,
854,Fast Followers & Likes for Instagram - Get Real +,sm,yes,
855,mojo – Video Stories Editor for Instagram,sm,yes,
856,MyTopFans for Twitter,sm,yes,
857,"Photo & Video Downloader for Instagram, IGTV saver",sm,yes,
858,Followers Reports for Instagram: InsMaster,sm,yes,
859,Mini for Facebook Lite & Social Video Downloader,sm,yes,
860,Chat History for Facebook,sm,no,Messaging
861,fPlus: Multi Accounts for Facebook,sm,yes,
862,Friendly For Twitter,sm,yes,
863,Grid Photo Maker for Instagram,sm,yes,
864,HD Photo & Video Downloader for Instagram-IG Saver,sm,yes,
865,Square Aspect - Layout and Post your Pictures to Instagram with Full Cropping Control,sm,yes,
866,Story Saver for Instagram - Video Downloader,sm,yes,
867,"Story Saver for Instagram, Download Video & Photo",sm,yes,
868,Video Downloader for Facebook Video Downloader,sm,yes,
869,"Video Splitter for WhatsApp Status, Instagram*",sm,.,Messaging
870,#Square — No crop 4 Instagram,sm,yes,
871,Cool Fonts for Instagram Bio,sm,yes,
872,Downloader for Instagram: Video Photo Story Saver,sm,yes,
873,"Exporter for Facebook - Backup,Print,Export PDF",sm,yes,
874,Followers+ Followers Analytics for Instagram,sm,yes,
875,Hashtag Buddy - become Instagram™ famous,sm,yes,
876,Reportly - for Instagram profiles,sm,yes,
877,StoryArt - Insta story editor for Instagram,sm,yes,
878,Facebook Gaming,sm,no,
879,Highlight Cover Maker for Instagram Story,sm,yes,
880,Insights - Follow Analyzer for Instagram,sm,yes,
881,iSave - Save for Instagram,sm,yes,
882,Profile download for Instagram (HD),sm,yes,
883,Simple for Facebook,sm,yes,
884,Story Saver for Instagram - Insta Video Downloader,sm,yes,
885,StorySaver+ (Plus) for Instagram,sm,yes,
886,SwiftSave - Downloader for Instagram,sm,yes,
887,Watomatic - Auto Reply for WhatsApp & Facebook,sm,yes,
888,"Anonymous Story Viewer for Instagram, Watch Story",sm,yes,
889,FVD: Video Downloader for Facebook,sm,yes,
890,HashTags for Instagram,sm,yes,
891,Highlight Covers for Instagram: make Pro Ig Story,sm,yes,
892,Insta Story - Instagramstories Ig Story Art Maker,sm,yes,
893,Insta Story Art Maker: Story Creator for Instagram,sm,yes,
894,MyVideoDownloader for Facebook,sm,yes,
895,Photo & Video Downloader for Instagram -Instake,sm,yes,
896,Preview - Plan your Instagram,sm,yes,
897,Preview for Instagram Feed - Free Planner App,sm,yes,
898,Super Followers Avatar for Instagram to Boom Likes,sm,yes,
899,Textgram - for Instagram,sm,yes,
900,Top Tags : Tags For Likes & Hashtag Instagram,sm,yes,
